{
  "version": "1.1607449631",
  "name": "custom.jmx.ActiveUsers1607449630721",
  "type": "JMX",
  "metricGroup": "custom.jmx.ActiveUsers",
  "entity": "PROCESS_GROUP_INSTANCE",
  "configUI": {
    "displayName": "ActiveUsers"
  },
  "ui": {
    "charts": [
      {
        "group": "ActiveUsers metrics",
        "title": "ActiveUserCount",
        "series": [
          {
            "key": "metric_ActiveUserCount_1607449605485",
            "aggregation": "avg",
            "displayname": "ActiveUserCount"
          }
        ]
      },
      {
        "group": "ActiveUsers metrics",
        "title": "TotalActiveUserCount",
        "series": [
          {
            "key": "metric_TotalActiveUserCount_1607449783133",
            "aggregation": "avg",
            "displayname": "TotalActiveUserCount"
          }
        ]
      }
    ]
  },
  "metrics": [
    {
      "timeseries": {
        "key": "metric_ActiveUserCount_1607449605485",
        "unit": "Count",
        "displayname": "ActiveUserCount",
        "dimensions": [
          "rx_pid"
        ]
      },
      "source": {
        "domain": "com.ptc",
        "keyProperties": {
          "Name": "ActiveUsers",
          "wt.subsystem": "Monitors"
        },
        "attribute": "ActiveUserCount",
        "allowAdditionalKeys": true,
        "calculateDelta": false,
        "calculateRate": false,
        "aggregation": "AVG"
      }
    },
    {
      "timeseries": {
        "key": "metric_TotalActiveUserCount_1607449783133",
        "unit": "Count",
        "displayname": "TotalActiveUserCount",
        "dimensions": [
          "rx_pid"
        ]
      },
      "source": {
        "domain": "com.ptc",
        "keyProperties": {
          "Name": "ActiveUsers",
          "wt.subsystem": "Monitors"
        },
        "attribute": "TotalActiveUserCount",
        "allowAdditionalKeys": true,
        "calculateDelta": false,
        "calculateRate": false,
        "aggregation": "AVG"
      }
    }
  ]
}