{
  "version": "1.1",
  "name": "custom.jmx.Caches",
  "type": "JMX",
  "metricGroup": "custom.jmx.Cache",
  "entity": "PROCESS_GROUP_INSTANCE",
  "configUI": {
    "displayName": "PTC Cache"
  },
  "ui": {
    "charts": [
      {
        "group": "CacheSize Metrics",
        "title": "CacheSize",
        "series": [
          {
            "key": "metric_CacheSize-1",
            "aggregation": "avg",
            "displayname": "CacheSize"
          }
        ]
      },
      {
        "group": "CacheEntryCount Metrics",
        "title": "CacheEntryCount",
        "series": [
          {
            "key": "metric_CacheEntryCount-1",
            "aggregation": "avg",
            "displayname": "CacheEntryCount"
          }
        ]
      }
    ]
  },
  "metrics": [
    {
      "timeseries": {
        "key": "metric_CacheSize-1",
        "unit": "Count",
        "displayname": "PTC CacheSize",
        "dimensions": [
          "rx_pid",
		      "name"
        ]
      },
      "source": {
        "domain": "com.ptc",
        "keyProperties": {
          "name": "*",
          "wt.monitorType": "Caches",
          "wt.subsystem": "Monitors"
        },
		"splitting": {
				"name": "name",
				"type": "keyProperty",
				"keyProperty": "name"
		},
        "attribute": "CacheSize",
        "allowAdditionalKeys": true,
        "calculateDelta": false,
        "calculateRate": false,
        "aggregation": "AVG"
      }
    },
    {
      "timeseries": {
        "key": "metric_CacheEntryCount-1",
        "unit": "Count",
        "displayname": "PTC CacheEntryCount",
        "dimensions": [
          "rx_pid",
          "name"
        ]
      },
      "source": {
        "domain": "com.ptc",
        "keyProperties": {
          "name": "*",
          "wt.monitorType": "Caches",
          "wt.subsystem": "Monitors"
        },
    "splitting": {
        "name": "name",
        "type": "keyProperty",
        "keyProperty": "name"
    },
        "attribute": "CacheEntryCount",
        "allowAdditionalKeys": true,
        "calculateDelta": false,
        "calculateRate": false,
        "aggregation": "AVG"
      }
    }
  ]
}